{
  "consolidationTaskId": "doc_consolidation_001",
  "description": "Documentation System Consolidation",
  "status": "in_progress",
  "created": "2024-03-19T00:00:00Z",
  "updated": "2024-03-19T00:00:00Z",
  "tasks": [
    {
      "taskId": "doc_consolidation_001_1",
      "description": "Analysis and Planning",
      "status": "in_progress",
      "subtasks": [
        {
          "id": "doc_consolidation_001_1_1",
          "description": "Inventory all documentation orchestrators",
          "status": "completed",
          "files": [
            "scripts/documentation-orchestrator.js",
            "scripts/core/documentation-orchestrator.js",
            "CLARITY_ENGINE_DOCS/scripts/generation/orchestration/document-orchestrator.js"
          ],
          "findings": {
            "total": 3,
            "overlapping_features": [
              "Document processing",
              "Task management",
              "Validation",
              "Report generation"
            ],
            "unique_features": {
              "scripts/documentation-orchestrator.js": [
                "Coverage reporting",
                "Quality assessment",
                "Structure analysis"
              ],
              "scripts/core/documentation-orchestrator.js": [
                "Event-driven architecture",
                "Task queue management"
              ],
              "CLARITY_ENGINE_DOCS/scripts/generation/orchestration/document-orchestrator.js": [
                "Template processing",
                "Document enhancement",
                "Caching"
              ]
            }
          }
        },
        {
          "id": "doc_consolidation_001_1_2",
          "description": "Map current functionality and dependencies",
          "status": "in_progress",
          "dependencies": {
            "scripts/documentation-orchestrator.js": [
              "validate-docs",
              "fix-documentation"
            ],
            "scripts/core/documentation-orchestrator.js": [
              "task-handlers"
            ],
            "CLARITY_ENGINE_DOCS/scripts/generation/orchestration/document-orchestrator.js": [
              "base-component",
              "document-enhancer",
              "template-processor",
              "cache-manager"
            ]
          }
        },
        {
          "id": "doc_consolidation_001_1_3",
          "description": "Identify unique features to preserve",
          "status": "pending",
          "features": {
            "keep": [
              "Event-driven architecture",
              "Task queue management",
              "Template processing",
              "Document enhancement",
              "Caching",
              "Coverage reporting",
              "Quality assessment"
            ],
            "consolidate": [
              "Document processing",
              "Validation",
              "Report generation"
            ],
            "remove": [
              "Duplicate task management",
              "Redundant validation"
            ]
          }
        },
        {
          "id": "doc_consolidation_001_1_4",
          "description": "Create migration plan",
          "status": "pending"
        }
      ]
    },
    {
      "taskId": "doc_consolidation_001_2",
      "description": "Core Implementation",
      "status": "pending",
      "subtasks": [
        {
          "id": "doc_consolidation_001_2_1",
          "description": "Enhance DocumentationOrchestrator",
          "status": "pending"
        },
        {
          "id": "doc_consolidation_001_2_2",
          "description": "Implement DocumentationHandler",
          "status": "pending"
        },
        {
          "id": "doc_consolidation_001_2_3",
          "description": "Set up logging and debugging",
          "status": "pending"
        },
        {
          "id": "doc_consolidation_001_2_4",
          "description": "Create validation system",
          "status": "pending"
        }
      ]
    },
    {
      "taskId": "doc_consolidation_001_3",
      "description": "Migration",
      "status": "pending",
      "subtasks": [
        {
          "id": "doc_consolidation_001_3_1",
          "description": "Move unique logic from old orchestrators",
          "status": "pending"
        },
        {
          "id": "doc_consolidation_001_3_2",
          "description": "Update all references to use new system",
          "status": "pending"
        },
        {
          "id": "doc_consolidation_001_3_3",
          "description": "Archive deprecated orchestrators",
          "status": "pending"
        },
        {
          "id": "doc_consolidation_001_3_4",
          "description": "Update documentation",
          "status": "pending"
        }
      ]
    },
    {
      "taskId": "doc_consolidation_001_4",
      "description": "Testing and Validation",
      "status": "pending",
      "subtasks": [
        {
          "id": "doc_consolidation_001_4_1",
          "description": "Unit tests for new components",
          "status": "pending"
        },
        {
          "id": "doc_consolidation_001_4_2",
          "description": "Integration tests for full flow",
          "status": "pending"
        },
        {
          "id": "doc_consolidation_001_4_3",
          "description": "Performance testing",
          "status": "pending"
        },
        {
          "id": "doc_consolidation_001_4_4",
          "description": "Security validation",
          "status": "pending"
        }
      ]
    }
  ],
  "rules": [
    {
      "id": "rule_001",
      "description": "All documentation processing must go through DocumentationOrchestrator",
      "status": "active"
    },
    {
      "id": "rule_002",
      "description": "No direct file manipulation outside of handlers",
      "status": "active"
    },
    {
      "id": "rule_003",
      "description": "All operations must be logged",
      "status": "active"
    },
    {
      "id": "rule_004",
      "description": "Maximum file size: 250 lines",
      "status": "active"
    },
    {
      "id": "rule_005",
      "description": "All changes must be tracked in task log",
      "status": "active"
    },
    {
      "id": "rule_006",
      "description": "All documentation must be validated",
      "status": "active"
    }
  ],
  "metrics": {
    "totalTasks": 16,
    "completedTasks": 1,
    "pendingTasks": 15,
    "blockedTasks": 0
  }
} 