[
  {
    "taskId": "task_001",
    "description": "Develop End-to-End (E2E) tests for the `run-safe-migration.js` script.",
    "status": "planned",
    "relatedPlanId": "FINALIZATION_PLAN.md",
    "relatedPlanSection": "Phase 4: Documentation & Testing (Implicit)",
    "priority": "high",
    "createdDate": "2024-07-26T12:00:00Z",
    "lastUpdated": "2024-07-26T12:00:00Z",
    "notes": "To ensure the entire migration pipeline works as expected."
  },
  {
    "taskId": "task_002",
    "description": "Create unit tests for `scripts/unified-migration/helpers/file-operations-helper.js`.",
    "status": "completed",
    "relatedPlanId": "FINALIZATION_PLAN.md",
    "relatedPlanSection": "General Modularity & Testing",
    "priority": "medium",
    "createdDate": "2024-07-26T12:00:00Z",
    "lastUpdated": "2024-07-27T01:00:00Z",
    "notes": "Unit tests successfully created in tests/unified-migration/file-operations.test.js. Initial persistent Jest discovery issues for this specific test file were resolved by deleting the problematic file path and recreating the test suite under a new file name. All 19 tests are passing."
  },
  {
    "taskId": "task_003",
    "description": "Develop a Project Context Orchestration system (task logs, decision logs, knowledge base).",
    "status": "in-progress",
    "relatedPlanId": null,
    "relatedPlanSection": "N/A - Meta-level improvement",
    "priority": "high",
    "createdDate": "2024-07-26T12:00:00Z",
    "lastUpdated": "2024-07-26T12:00:00Z",
    "notes": "Currently setting up initial directory structure and task log."
  },
  {
    "taskId": "task_004",
    "description": "Integrate Retrieval Augmented Generation (RAG) for advanced document understanding.",
    "status": "discussed_future",
    "relatedPlanId": "FINALIZATION_PLAN.md",
    "relatedPlanSection": "1. Project Goals (Future Enhancements)",
    "priority": "low",
    "createdDate": "2024-07-26T12:00:00Z",
    "lastUpdated": "2024-07-26T12:00:00Z",
    "notes": "Long-term goal to enhance Clarity Engine capabilities."
  },
  {
    "taskId": "task_005",
    "description": "Refactor `analyze-dependencies.test.js` into smaller, focused test files.",
    "status": "completed",
    "relatedPlanId": "FINALIZATION_PLAN.md",
    "relatedPlanSection": "Phase 4: Documentation & Testing",
    "priority": "high",
    "createdDate": "2024-07-26T12:00:00Z",
    "lastUpdated": "2024-07-26T12:00:00Z",
    "notes": "Split into extract-js-imports.test.js, extract-markdown-links.test.js, analyze-file-dependencies.test.js, and build-dependency-report.test.js. Original deleted."
  },
  {
    "taskId": "task_006",
    "description": "Establish a simple, universal project versioning system.",
    "status": "planned",
    "relatedPlanId": null,
    "relatedPlanSection": "Project Maintainability",
    "priority": "medium",
    "createdDate": "2024-07-27T00:05:00Z",
    "lastUpdated": "2024-07-27T00:05:00Z",
    "notes": "Define how the overall project version is tracked and updated. E.g., a version file or a field in package.json."
  },
  {
    "taskId": "task_007",
    "description": "Define a strategy for when and how to update the project version.",
    "status": "planned",
    "relatedPlanId": null,
    "relatedPlanSection": "Project Maintainability",
    "priority": "medium",
    "createdDate": "2024-07-27T00:05:00Z",
    "lastUpdated": "2024-07-27T00:05:00Z",
    "notes": "Outline procedures for version bumping based on feature completion, bug fixes, or release cycles."
  },
  {
    "taskId": "task_008",
    "description": "Implement documentation validation and generation system",
    "status": "in-progress",
    "relatedPlanId": "FINALIZATION_PLAN.md",
    "relatedPlanSection": "Phase 3: Indexing & Orchestration",
    "priority": "high",
    "createdDate": "2024-07-27T02:00:00Z",
    "lastUpdated": "2024-07-27T02:00:00Z",
    "notes": "Created DocumentationOrchestrator, run-docs.js, and DOCUMENTATION_STRUCTURE.json. Need to implement validation and generation modules."
  },
  {
    "taskId": "task_009",
    "description": "Create documentation templates and standards",
    "status": "planned",
    "relatedPlanId": "FINALIZATION_PLAN.md",
    "relatedPlanSection": "Phase 2: Content & AI Foundation",
    "priority": "high",
    "createdDate": "2024-07-27T02:00:00Z",
    "lastUpdated": "2024-07-27T02:00:00Z",
    "notes": "Need to create standardized templates for each documentation type and implement validation rules."
  },
  {
    "taskId": "task_010",
    "description": "Generate initial documentation using templates",
    "status": "in-progress",
    "relatedPlanId": "FINALIZATION_PLAN.md",
    "relatedPlanSection": "Phase 3: Indexing & Orchestration",
    "priority": "high",
    "createdDate": "2024-07-27T02:30:00Z",
    "lastUpdated": "2024-07-27T02:30:00Z",
    "notes": "Created templates and generator. Need to run initial generation for all sections."
  },
  {
    "taskId": "task_011",
    "description": "Validate generated documentation",
    "status": "planned",
    "relatedPlanId": "FINALIZATION_PLAN.md",
    "relatedPlanSection": "Phase 4: Documentation & Testing",
    "priority": "high",
    "createdDate": "2024-07-27T02:30:00Z",
    "lastUpdated": "2024-07-27T02:30:00Z",
    "notes": "Need to validate all generated documentation against standards and requirements."
  },
  {
    "taskId": "task_012",
    "description": "Review and validate generated documentation against standards",
    "status": "in-progress",
    "relatedPlanId": "DOCUMENTATION_PLAN.md",
    "relatedPlanSection": "Next Steps",
    "priority": "high",
    "createdDate": "2024-07-27T02:45:00Z",
    "lastUpdated": "2024-07-27T02:45:00Z",
    "notes": "Need to review all generated documentation against our standards: dynamic, modular, non-recursive, under 250 lines, and context-aware."
  },
  {
    "taskId": "task_013",
    "description": "Implement automated documentation validation",
    "status": "planned",
    "relatedPlanId": "DOCUMENTATION_PLAN.md",
    "relatedPlanSection": "Tools",
    "priority": "high",
    "createdDate": "2024-07-27T02:45:00Z",
    "lastUpdated": "2024-07-27T02:45:00Z",
    "notes": "Create automated checks for documentation standards: line limits, required fields, links, dependencies."
  },
  {
    "taskId": "task_014",
    "description": "Implement CJIS-compliant security system",
    "status": "in-progress",
    "relatedPlanId": "SECURITY_IMPLEMENTATION.md",
    "relatedPlanSection": "Core Security Components",
    "priority": "high",
    "createdDate": "2024-07-27T03:00:00Z",
    "lastUpdated": "2024-07-27T03:00:00Z",
    "notes": "Initial implementation of SecurityManager, SecurityMiddleware, and ComplianceReporter complete. Need to implement enhanced monitoring and access control."
  },
  {
    "taskId": "task_015",
    "description": "Implement Role-Based Access Control (RBAC)",
    "status": "planned",
    "relatedPlanId": "SECURITY_IMPLEMENTATION.md",
    "relatedPlanSection": "Security Requirements",
    "priority": "high",
    "createdDate": "2024-07-27T03:00:00Z",
    "lastUpdated": "2024-07-27T03:00:00Z",
    "notes": "Need to implement role definitions, permission mapping, and access control enforcement."
  },
  {
    "taskId": "task_016",
    "description": "Set up security training system",
    "status": "planned",
    "relatedPlanId": "SECURITY_IMPLEMENTATION.md",
    "relatedPlanSection": "Compliance Areas",
    "priority": "medium",
    "createdDate": "2024-07-27T03:00:00Z",
    "lastUpdated": "2024-07-27T03:00:00Z",
    "notes": "Create training modules, tracking system, and compliance verification."
  },
  {
    "taskId": "task_017",
    "description": "Implement incident response procedures",
    "status": "planned",
    "relatedPlanId": "SECURITY_IMPLEMENTATION.md",
    "relatedPlanSection": "Compliance Areas",
    "priority": "high",
    "createdDate": "2024-07-27T03:00:00Z",
    "lastUpdated": "2024-07-27T03:00:00Z",
    "notes": "Define procedures, create response playbooks, and implement automated incident detection."
  },
  {
    "taskId": "task_018",
    "description": "Establish formal audit processes",
    "status": "planned",
    "relatedPlanId": "SECURITY_IMPLEMENTATION.md",
    "relatedPlanSection": "Compliance Areas",
    "priority": "medium",
    "createdDate": "2024-07-27T03:00:00Z",
    "lastUpdated": "2024-07-27T03:00:00Z",
    "notes": "Create audit schedules, define audit procedures, and implement automated audit tools."
  },
  {
    "taskId": "task_019",
    "description": "Implement security metrics dashboard",
    "status": "planned",
    "relatedPlanId": "SECURITY_METRICS.md",
    "relatedPlanSection": "Dashboard Sections",
    "priority": "high",
    "createdDate": "2024-07-27T03:30:00Z",
    "lastUpdated": "2024-07-27T03:30:00Z",
    "notes": "Need to implement dashboard components for security status, authentication, authorization, data protection, and compliance metrics."
  },
  {
    "taskId": "task_020",
    "description": "Create security incident response team",
    "status": "planned",
    "relatedPlanId": "INCIDENT_RESPONSE.md",
    "relatedPlanSection": "Team Roles",
    "priority": "high",
    "createdDate": "2024-07-27T03:30:00Z",
    "lastUpdated": "2024-07-27T03:30:00Z",
    "notes": "Need to establish incident commander, technical lead, security analyst, and communications lead roles and responsibilities."
  },
  {
    "taskId": "task_021",
    "description": "Implement security orchestration system",
    "status": "planned",
    "relatedPlanId": "SECURITY_ORCHESTRATION.md",
    "relatedPlanSection": "Component Integration",
    "priority": "high",
    "createdDate": "2024-07-27T03:30:00Z",
    "lastUpdated": "2024-07-27T03:30:00Z",
    "notes": "Need to implement the security orchestrator to coordinate all security components and manage security policies."
  },
  {
    "taskId": "task_022",
    "description": "Set up security monitoring and alerting",
    "status": "planned",
    "relatedPlanId": "SECURITY_METRICS.md",
    "relatedPlanSection": "Alert Thresholds",
    "priority": "high",
    "createdDate": "2024-07-27T03:30:00Z",
    "lastUpdated": "2024-07-27T03:30:00Z",
    "notes": "Need to implement critical, warning, and information alert thresholds and corresponding response procedures."
  },
  {
    "taskId": "task_023",
    "description": "Create security training materials",
    "status": "planned",
    "relatedPlanId": "SECURITY_CHECKLIST.md",
    "relatedPlanSection": "Training System",
    "priority": "medium",
    "createdDate": "2024-07-27T03:30:00Z",
    "lastUpdated": "2024-07-27T03:30:00Z",
    "notes": "Need to develop training modules, tracking system, and compliance verification procedures."
  },
  {
    "taskId": "task_024",
    "description": "Update documentation automation system",
    "status": "planned",
    "relatedPlanId": "DOCUMENTATION_IMPLEMENTATION.json",
    "relatedPlanSection": "qualityChecks",
    "priority": "high",
    "createdDate": "2024-07-27T04:00:00Z",
    "lastUpdated": "2024-07-27T04:00:00Z",
    "notes": "Need to implement automated documentation generation, validation, and archiving for security components."
  },
  {
    "taskId": "task_025",
    "description": "Create security documentation templates",
    "status": "planned",
    "relatedPlanId": "DOCUMENTATION_STRUCTURE.md",
    "relatedPlanSection": "Quality",
    "priority": "high",
    "createdDate": "2024-07-27T04:00:00Z",
    "lastUpdated": "2024-07-27T04:00:00Z",
    "notes": "Need to create standardized templates for security documentation with required sections and validation rules."
  },
  {
    "taskId": "task_026",
    "description": "Implement security documentation validation",
    "status": "planned",
    "relatedPlanId": "DOCUMENTATION_IMPLEMENTATION.json",
    "relatedPlanSection": "qualityChecks",
    "priority": "high",
    "createdDate": "2024-07-27T04:00:00Z",
    "lastUpdated": "2024-07-27T04:00:00Z",
    "notes": "Need to implement automated validation for security documentation including compliance checks, link validation, and cross-reference verification."
  },
  {
    "taskId": "task_027",
    "description": "Set up security documentation archiving",
    "status": "planned",
    "relatedPlanId": "DOCUMENTATION_IMPLEMENTATION.json",
    "relatedPlanSection": "implementationPhases",
    "priority": "high",
    "createdDate": "2024-07-27T04:00:00Z",
    "lastUpdated": "2024-07-27T04:00:00Z",
    "notes": "Need to implement automated archiving system for security documentation with version tracking and audit trail."
  },
  {
    "taskId": "task_028",
    "description": "Create security documentation generation workflow",
    "status": "planned",
    "relatedPlanId": "DOCUMENTATION_IMPLEMENTATION.json",
    "relatedPlanSection": "implementationPhases",
    "priority": "high",
    "createdDate": "2024-07-27T04:00:00Z",
    "lastUpdated": "2024-07-27T04:00:00Z",
    "notes": "Need to implement automated workflow for generating security documentation from code and configuration files."
  },
  {
    "taskId": "task_029",
    "description": "Implement Meta-Orchestrator system",
    "status": "in-progress",
    "relatedPlanId": "ORCHESTRATION_SYSTEM.md",
    "relatedPlanSection": "Core Components",
    "priority": "high",
    "createdDate": "2024-07-27T04:30:00Z",
    "lastUpdated": "2024-07-27T04:30:00Z",
    "notes": "Created Meta-Orchestrator implementation with configuration and runner script. Need to implement sub-orchestrators."
  },
  {
    "taskId": "task_030",
    "description": "Implement Documentation Orchestrator",
    "status": "planned",
    "relatedPlanId": "ORCHESTRATION_SYSTEM.md",
    "relatedPlanSection": "Core Components",
    "priority": "high",
    "createdDate": "2024-07-27T04:30:00Z",
    "lastUpdated": "2024-07-27T04:30:00Z",
    "notes": "Need to implement documentation generation, validation, and archiving coordination."
  },
  {
    "taskId": "task_031",
    "description": "Implement Security Orchestrator",
    "status": "planned",
    "relatedPlanId": "ORCHESTRATION_SYSTEM.md",
    "relatedPlanSection": "Core Components",
    "priority": "high",
    "createdDate": "2024-07-27T04:30:00Z",
    "lastUpdated": "2024-07-27T04:30:00Z",
    "notes": "Need to implement security monitoring, compliance tracking, and incident response coordination."
  },
  {
    "taskId": "task_032",
    "description": "Implement Task Orchestrator",
    "status": "planned",
    "relatedPlanId": "ORCHESTRATION_SYSTEM.md",
    "relatedPlanSection": "Core Components",
    "priority": "high",
    "createdDate": "2024-07-27T04:30:00Z",
    "lastUpdated": "2024-07-27T04:30:00Z",
    "notes": "Need to implement task execution, scheduling, and tracking coordination."
  },
  {
    "taskId": "task_033",
    "description": "Implement Knowledge Orchestrator",
    "status": "planned",
    "relatedPlanId": "ORCHESTRATION_SYSTEM.md",
    "relatedPlanSection": "Core Components",
    "priority": "high",
    "createdDate": "2024-07-27T04:30:00Z",
    "lastUpdated": "2024-07-27T04:30:00Z",
    "notes": "Need to implement knowledge base management, information flow, and archiving coordination."
  },
  {
    "taskId": "task_034",
    "description": "Implement Quality Orchestrator",
    "status": "planned",
    "relatedPlanId": "ORCHESTRATION_SYSTEM.md",
    "relatedPlanSection": "Core Components",
    "priority": "high",
    "createdDate": "2024-07-27T04:30:00Z",
    "lastUpdated": "2024-07-27T04:30:00Z",
    "notes": "Need to implement quality standards, validation, and monitoring coordination."
  },
  {
    "taskId": "task_035",
    "description": "Set up orchestration monitoring system",
    "status": "planned",
    "relatedPlanId": "ORCHESTRATION_SYSTEM.md",
    "relatedPlanSection": "Maintenance",
    "priority": "high",
    "createdDate": "2024-07-27T04:30:00Z",
    "lastUpdated": "2024-07-27T04:30:00Z",
    "notes": "Need to implement system-wide monitoring, metrics collection, and health checks."
  },
  {
    "taskId": "task_036",
    "description": "Create orchestration documentation",
    "status": "planned",
    "relatedPlanId": "ORCHESTRATION_SYSTEM.md",
    "relatedPlanSection": "Documentation",
    "priority": "high",
    "createdDate": "2024-07-27T04:30:00Z",
    "lastUpdated": "2024-07-27T04:30:00Z",
    "notes": "Need to create comprehensive documentation for the orchestration system, including architecture, workflows, and maintenance guides."
  },
  {
    "taskId": "task_037",
    "description": "Create Log Orchestrator in scripts/core/log-orchestrator.js",
    "status": "planned",
    "relatedPlanId": "FINALIZATION_PLAN.md",
    "relatedPlanSection": "Phase 2: Content & AI Foundation",
    "priority": "high",
    "createdDate": "2024-07-27T05:00:00Z",
    "lastUpdated": "2024-07-27T05:00:00Z",
    "notes": "Centralizes log directory creation, log writing, and event aggregation for all components."
  },
  {
    "taskId": "task_038",
    "description": "Create Debug Orchestrator in scripts/core/debug-orchestrator.js",
    "status": "planned",
    "relatedPlanId": "FINALIZATION_PLAN.md",
    "relatedPlanSection": "Phase 2: Content & AI Foundation",
    "priority": "high",
    "createdDate": "2024-07-27T05:00:00Z",
    "lastUpdated": "2024-07-27T05:00:00Z",
    "notes": "Subscribes to Log Orchestrator events, hooks into global error handlers, and generates debug summaries."
  },
  {
    "taskId": "task_040",
    "description": "Move documentation utility scripts to scripts/documentation/ and documentation-orchestrator.js to scripts/core/.",
    "status": "completed",
    "relatedPlanId": "FINALIZATION_PLAN.md",
    "relatedPlanSection": "Phase 1: Planning & Enhanced Safety",
    "priority": "high",
    "createdDate": "2024-07-27T05:00:00Z",
    "lastUpdated": "2024-07-27T05:00:00Z",
    "notes": ""
  },
  {
    "taskId": "task_041",
    "description": "Archive duplicate orchestrators from CLARITY_ENGINE_DOCS/scripts/core/ to archive/ subfolder.",
    "status": "completed",
    "relatedPlanId": "FINALIZATION_PLAN.md",
    "relatedPlanSection": "Phase 1: Planning & Enhanced Safety",
    "priority": "high",
    "createdDate": "2024-07-27T05:10:00Z",
    "lastUpdated": "2024-07-27T05:10:00Z",
    "notes": "See orchestration_debug.log for details. Files: log-orchestrator.js, debug-orchestrator.js, documentation-orchestrator.js, meta-orchestrator.js, quality-orchestrator.js."
  }
] 