{
  "timestamp": "2025-06-03T00:19:40.824Z",
  "summary": {
    "totalTasks": null,
    "pendingTasks": null
  },
  "byStatus": {
    "planned": 7,
    "completed": 1,
    "in-progress": 1
  },
  "byPriority": {
    "high": 8,
    "medium": 1
  },
  "byCategory": {
    "feature": 5,
    "undefined": 4
  },
  "recentTasks": [
    {
      "taskId": "doc_NaN",
      "type": "documentation",
      "category": "feature",
      "name": "authorization",
      "description": "Enhance documentation for authorization feature",
      "priority": "high",
      "estimatedEffort": "medium",
      "dependencies": [],
      "subtasks": [
        {
          "description": "Analyze current documentation",
          "estimatedEffort": "small"
        },
        {
          "description": "Create enhancement plan",
          "estimatedEffort": "small"
        },
        {
          "description": "Implement documentation updates",
          "estimatedEffort": "medium"
        },
        {
          "description": "Review and validate changes",
          "estimatedEffort": "small"
        }
      ],
      "status": "planned",
      "createdDate": "2025-06-03T00:19:40.823Z",
      "lastUpdated": "2025-06-03T00:19:40.823Z",
      "progress": 0,
      "notes": []
    },
    {
      "taskId": "doc_NaN",
      "type": "documentation",
      "category": "feature",
      "name": "logging",
      "description": "Enhance documentation for logging feature",
      "priority": "high",
      "estimatedEffort": "medium",
      "dependencies": [],
      "subtasks": [
        {
          "description": "Analyze current documentation",
          "estimatedEffort": "small"
        },
        {
          "description": "Create enhancement plan",
          "estimatedEffort": "small"
        },
        {
          "description": "Implement documentation updates",
          "estimatedEffort": "medium"
        },
        {
          "description": "Review and validate changes",
          "estimatedEffort": "small"
        }
      ],
      "status": "planned",
      "createdDate": "2025-06-03T00:19:40.823Z",
      "lastUpdated": "2025-06-03T00:19:40.823Z",
      "progress": 0,
      "notes": []
    },
    {
      "taskId": "doc_NaN",
      "type": "documentation",
      "category": "feature",
      "name": "monitoring",
      "description": "Enhance documentation for monitoring feature",
      "priority": "high",
      "estimatedEffort": "medium",
      "dependencies": [],
      "subtasks": [
        {
          "description": "Analyze current documentation",
          "estimatedEffort": "small"
        },
        {
          "description": "Create enhancement plan",
          "estimatedEffort": "small"
        },
        {
          "description": "Implement documentation updates",
          "estimatedEffort": "medium"
        },
        {
          "description": "Review and validate changes",
          "estimatedEffort": "small"
        }
      ],
      "status": "planned",
      "createdDate": "2025-06-03T00:19:40.823Z",
      "lastUpdated": "2025-06-03T00:19:40.823Z",
      "progress": 0,
      "notes": []
    },
    {
      "taskId": "doc_NaN",
      "type": "documentation",
      "category": "feature",
      "name": "error-handling",
      "description": "Enhance documentation for error-handling feature",
      "priority": "high",
      "estimatedEffort": "medium",
      "dependencies": [],
      "subtasks": [
        {
          "description": "Analyze current documentation",
          "estimatedEffort": "small"
        },
        {
          "description": "Create enhancement plan",
          "estimatedEffort": "small"
        },
        {
          "description": "Implement documentation updates",
          "estimatedEffort": "medium"
        },
        {
          "description": "Review and validate changes",
          "estimatedEffort": "small"
        }
      ],
      "status": "planned",
      "createdDate": "2025-06-03T00:19:40.823Z",
      "lastUpdated": "2025-06-03T00:19:40.823Z",
      "progress": 0,
      "notes": []
    },
    {
      "taskId": "doc_NaN",
      "type": "documentation",
      "category": "feature",
      "name": "authentication",
      "description": "Enhance documentation for authentication feature",
      "priority": "high",
      "estimatedEffort": "medium",
      "dependencies": [],
      "subtasks": [
        {
          "description": "Analyze current documentation",
          "estimatedEffort": "small"
        },
        {
          "description": "Create enhancement plan",
          "estimatedEffort": "small"
        },
        {
          "description": "Implement documentation updates",
          "estimatedEffort": "medium"
        },
        {
          "description": "Review and validate changes",
          "estimatedEffort": "small"
        }
      ],
      "status": "planned",
      "createdDate": "2025-06-03T00:19:40.822Z",
      "lastUpdated": "2025-06-03T00:19:40.822Z",
      "progress": 0,
      "notes": []
    },
    {
      "taskId": "doc_001",
      "description": "Initial documentation validation dry run",
      "status": "completed",
      "priority": "high",
      "createdDate": "2024-03-19T00:00:00Z",
      "lastUpdated": "2024-03-19T00:00:00Z",
      "type": "validation",
      "details": {
        "totalFiles": 53,
        "passed": 4,
        "failed": 102,
        "issues": {
          "lineCount": 0,
          "missingFields": 388,
          "brokenLinks": 4,
          "circularDeps": 4
        }
      },
      "nextSteps": [
        "Review validation report",
        "Address missing fields",
        "Fix broken links",
        "Resolve circular dependencies"
      ]
    },
    {
      "taskId": "doc_002",
      "description": "Implement automated documentation validation",
      "status": "in-progress",
      "priority": "high",
      "createdDate": "2024-03-19T00:00:00Z",
      "lastUpdated": "2024-03-19T00:00:00Z",
      "type": "development",
      "details": {
        "components": [
          "DocumentationValidator",
          "DocumentationFixer",
          "ValidationReport"
        ],
        "features": [
          "Line count validation",
          "Required fields checking",
          "Link validation",
          "Dependency analysis"
        ]
      }
    },
    {
      "taskId": "doc_003",
      "description": "Create documentation versioning system",
      "status": "planned",
      "priority": "high",
      "createdDate": "2024-03-19T00:00:00Z",
      "lastUpdated": "2024-03-19T00:00:00Z",
      "type": "infrastructure",
      "details": {
        "requirements": [
          "Version tracking",
          "Change history",
          "Rollback capability",
          "Diff generation"
        ]
      }
    },
    {
      "taskId": "doc_004",
      "description": "Implement documentation archiving system",
      "status": "planned",
      "priority": "medium",
      "createdDate": "2024-03-19T00:00:00Z",
      "lastUpdated": "2024-03-19T00:00:00Z",
      "type": "infrastructure",
      "details": {
        "requirements": [
          "Automatic backups",
          "Version tagging",
          "Archive compression",
          "Restore functionality"
        ]
      }
    }
  ]
}